{
  "system_hot:system.brightness": 0.6000000000000001,
  "system_hot:system.app": 0.6000000000000001,
  "bored:youtube.open": 1.1,
  "bored:youtube.play": 1.1,
  "network_slow:system.wifi": 0.6000000000000001,
  "focus:system.app": 0.8,
  "focus:instagram.close": 0.8,
  "system_hot:system.volume.down": 0.6000000000000001,
  "system_hot:system.brightness.down": 0.6000000000000001,
  "music:youtube.play": 1.1,
  "hungry:web.search": 0.4000000000000001,
  "confused:youtube.play": 1.1,
  "sick:system.brightness.down": 0.6000000000000001,
  "sick:web.search": 0.6000000000000001,
  "shopping:web.search": 0.8,
  "network_slow:system.wifi.off": 0.6000000000000001,
  "network_slow:system.wifi.on": 0.6000000000000001
}